x,y,名稱,位置資訊
120.33071,23.112763,山榮工程有限公司善化廠,臺南市善化區嘉南里茄拔358-8號
120.239746,23.099367,尚億企業有限公司安定廠,臺南市安定區港口里港口422號
120.185605,23.084133,金全重機行,臺南市西港區新復里溪埔寮28之3號
120.268368,23.057327,萬蓮科技股份有限公司,臺南市永康區和平路258巷89號
120.195845,23.149605,安秝生技有限公司,臺南市西港區金砂里下宅子5之10號1樓、5之11號
120.181578,23.052692,瑔昇科技有限公司,臺南市安南區溪心里智安四街66號
120.223265,23.10581,品賦實業股份有限公司(安定廠),臺南市安定區管寮里管寮２４－１４號
120.354955,22.909441,精法精密工業股份有限公司工廠,臺南市關廟區南雄南路469號及477號
120.256658,23.00667,竣嶧實業有限公司永康廠,臺南市永康區崑山里大灣路942巷371弄16號
120.347585,23.343989,見成機電有限公司後壁二廠,臺南市後壁區頂安里頂寮288之1號
120.355579,23.344639,阿秋天車行後壁廠,臺南市後壁區頂安里頂寮311號
120.193195,23.248283,寶興木業有限公司學甲廠,臺南市學甲區宅港里德安寮3之15號
120.344241,22.967714,寬仕工業股份有限公司總廠,臺南市關廟區北花里中正路376巷5、7、12號
120.311139,23.018946,東達企業社二廠,臺南市新化區山?里頂山腳54之39號
120.286268,23.052641,永利木材行工廠,臺南市新化區北勢里北勢113之15號
120.231475,23.097684,永政昇實業有限公司安定廠,臺南市安定區港口里港口357之16號
120.20713,23.04748,中元企業社北安廠,臺南市安南區北安路3段295巷60弄7號
120.22797,23.297554,尚源企業股份有限公司二廠,臺南市鹽水區孫厝里孫厝寮1之16號
120.248108,23.297522,尚源企業股份有限公司一廠,臺南市鹽水區孫厝里孫厝1之9號
120.199355,23.083736,生達企業股份有限公司新吉廠,臺南市安定區新吉里新吉56之61號
120.2539,23.052674,長生興生物科技股份有限公司永康廠,臺南市永康區三民里三民街42巷13號
120.284767,23.027111,上毅企業社,臺南市新化區崙頂里崙子頂287之86號
120.248693,23.022091,東揚紙器企業股份有限公司永康廠,臺南市永康區東橋里中山南路473之1號
120.213416,23.090363,及樺實業股份有限公司安定廠,臺南市安定區新吉里新吉7之9號
120.274921,23.298151,穀福城貿易有限公司,臺南市新營區太北里太子宮44之100號1樓
120.238688,23.204758,笙榮紙業股份有限公司麻豆廠,臺南市麻豆區北勢里北勢寮10之38號
120.162831,23.129457,仙發實業有限公司一廠,臺南市佳里區龍安里塭子內2之50號
120.243905,23.110893,毅泰企業有限公司安定廠,臺南市安定區港尾里下洲子11之3號
120.271784,23.019625,世林機械有限公司,臺南市永康區西勢里富強路1段279巷101號
120.209706,23.090904,玉芳香業有限公司安定廠,臺南市安定區海寮里海寮5之9號
120.292347,23.093581,昱盛木箱有限公司,臺南市新市區三舍里191之34號
120.194986,23.153095,高宏國際實業有限公司工廠,臺南市佳里區鎮山里鎮山94之8號
120.20592,23.095064,旭貿傢俱企業安定廠,臺南市安定區海寮里海寮5之23號
120.345035,22.919592,鋼億螺絲企業社,臺南市關廟區布袋里長文街130巷25號
120.279113,23.004866,晶典企業有限公司歸仁廠,臺南市歸仁區大廟里保大路三段366巷22弄39號
120.292383,23.0268,台南電子股份有限公司新化一廠,臺南市新化區全興里竹子腳158之5號
120.294805,23.026585,台南電子股份有限公司新化二廠,臺南市新化區全興里竹子腳209之1號
120.331675,23.081264,日祥實業工廠新市廠,臺南市新市區潭頂里潭頂100之20號
120.213795,23.060797,川宇實業有限公司,臺南市安南區州南里北安路4段169之6號
120.269341,23.027042,加拓鋁業有限公司,臺南市永康區龍潭里中山北路344巷20之1號
120.323355,23.22012,華成鋼製傢俱有限公司,臺南市官田區二鎮里二鎮56之25號
120.271932,22.973635,勝億石材行歸仁廠,臺南市歸仁區七甲里大德路1220號
120.271403,23.001284,朋馳光學工業股份有限公司,臺南市永康區東灣里民族路77巷56號
120.313395,23.089897,宏原鋼鐵有限公司一廠,臺南市新市區大社里大社580號
120.184169,23.092689,全勝實業社西港廠,臺南市西港區新復里溪埔寮1之46號
120.132307,23.287891,保證責任台南市養殖漁產運銷合作社,臺南市北門區保吉里364之2號
120.252447,23.230993,川陵實業有限公司三廠,臺南市下營區大埤里大埤寮18之35號
120.196225,23.080438,台江行家具有限公司,臺南市安定區新吉里公親寮1之4號
120.30724,23.026276,瓜瓜園企業股份有限公司新化二廠,臺南市新化區知義里中正路127巷25之12號
120.218089,23.12912,木祥企業有限公司一廠,臺南市西港區港東里八份9之1號
120.193351,23.080467,義欽交通器材股份有限公司台南廠,臺南市安南區佃東里公學路1段124巷281號
120.242071,22.970251,鑫岱實業股份有限公司仁德廠,臺南市仁德區仁德里文南街39號
120.29655,23.060682,永振水泥加工廠二廠,臺南市新市區永就里中華路123號
120.234694,23.204585,宏徉工業社麻豆廠,臺南市麻豆區北勢里北勢寮10 之45號
120.202436,23.125668,期美科技股份有限公司西港廠,臺南市西港區慶安里中山路415號
120.13543,23.075292,晟普電子股份有限公司安南廠,臺南市安南區學東里安明路4段1146號
120.221008,23.07598,多禹有限公司安定廠,臺南市安定區六嘉里六塊寮81之8號
120.217681,23.089969,東山橡膠廠安定廠,臺南市安定區新吉里新吉19之6號
120.308265,23.094417,淯麒交通器材股份有限公司二廠,臺南市新市區大營里大營331號
120.306099,23.153282,東盟冷凍食品有限公司,臺南市善化區田寮里六分寮191之12、191之15號
120.310391,23.017996,鴻達企業社新化廠,臺南市新化區山?里頂山?54之32號及54之35號
120.323996,22.939365,昱森企業有限公司歸仁廠,臺南市歸仁區沙崙里沙崙522號
120.195852,23.056321,村大工藝社安南廠,臺南市安南區本原街一段262巷59之1號
120.393753,23.30225,嘉瑭商貿有限公司東山廠,臺南市東山區東中里北馬27號
120.134224,23.220368,豪士纖維有限公司一廠,臺南市將軍區將富里將榮112之70號
120.33416,22.949034,達陣商行關廟廠,臺南市關廟區五甲里南雄路1段720巷36號
120.205799,23.095462,銘泰企業行,臺南市安定區海寮里海寮5之27號
120.256581,23.008899,崇耀實業社(西灣廠),臺南市永康區西灣里大灣路942巷449弄56號
120.157392,23.21793,驊麗科技股份有限公司二廠,臺南市將軍區嘉昌里北嘉23之3號B棟
120.210955,23.135749,銪昇國際開發有限公司西港廠,臺南市西港區營西里後營2之26號
120.1737,23.067194,韶亮企業有限公司安南廠,臺南市安南區佃西里公學路4段126巷104弄8號
120.290873,22.983423,億成塑膠模具實業社,臺南市歸仁區七甲里七甲五街68號
120.345448,22.898962,仁德螺絲廠股份有限公司關廟廠,臺南市關廟區龜洞里南雄南路838號
120.312628,23.266501,尚奇企業有限公司二廠,臺南市柳營區士林里柳營路1段369號
120.278775,23.142911,三進粉業股份有限公司二廠,臺南市善化區什乃里什乃93號A、B棟
120.248879,23.232591,營億實業社工廠,臺南市下營區大埤里大埤寮49之8號
120.350262,23.199103,普廣興業社官田廠,臺南市官田區官田里中?13之1號
120.242481,23.299548,仁豊行有限公司鹽水廠,臺南市鹽水區後宅里後寮72之35號
120.358323,23.312118,慶高能機械有限公司食品一廠,臺南市東山區聖賢里北勢寮91之5號
120.251144,22.977125,詠勗股份有限公司工廠,臺南市仁德區一甲里忠義路431號
120.279337,23.265511,茂富機械有限公司新營廠,臺南市新營區鐵線里鐵線橋34之8號、34之9號
120.332609,22.950682,振安工業社工廠,臺南市關廟區五甲里3鄰旺萊路12巷21號
120.279381,22.992194,明珊科技有限公司一廠,臺南市歸仁區大廟里和順路2段163號
120.219688,23.075766,五佶實業社安定廠,臺南市安定區六嘉里六塊寮159之2號
120.219479,23.091277,恆達利有限公司安定廠,臺南市安定區港口里港口333之21號
120.219483,23.090537,協青螺絲有限公司,臺南市安定區港南里港口1之72號
120.232033,23.081551,璟元光電有限公司,臺南市安定區大同里牛肉寮65之29號
120.225949,23.075878,陳阿明企業有限公司安定廠,臺南市安定區六嘉里六塊寮97之25號
120.170509,23.108294,正昇實業社七股廠,臺南市七股區竹港里竹港74之18號
120.209591,23.080183,竣豐建材實業,臺南市安定區中沙里中崙74之1號
120.207943,23.081582,國統工業社,臺南市安定區新吉里新吉58之15號
120.220338,23.017477,葡吉國際有限公司一廠,臺南市北區小康里大武街533之1號
120.189136,23.051421,日成實業有限公司安南廠,臺南市安南區溪心里安吉路1段625號
120.286357,22.996912,大詠實業股份有限公司歸仁一廠,臺南市歸仁區西埔里保大路二段169號
120.290265,23.002102,東威實業社,臺南市歸仁區西埔里西埔一街300巷78號
120.359184,23.254135,美貝利科技有限公司,臺南市柳營區神農里果毅後395之11號
120.235761,23.168645,一皇電機股份有限公司工廠,臺南市麻豆區安正里前班36號
120.292592,23.012563,歲紘興業有限公司二廠,臺南市歸仁區西埔里西埔一街660巷200號
120.2203,23.087535,裕芳珍食品行,臺南市安定區大同里大同115之1號
120.236883,23.102284,大芳金屬製品有限公司二廠,臺南市安定區港尾里港子尾37之26號
120.325885,23.083075,亮泉工業有限公司潭頂廠,臺南市新市區潭頂里潭頂323之100號
120.159325,23.162586,志帛股份有限公司工廠,臺南市佳里區安西里文化西路236號
120.287979,23.001733,凱莉有限公司,臺南市歸仁區西埔里西埔一街175號
120.289951,23.026102,景皓企業有限公司新化廠,臺南市新化區全興里竹子腳163之20號
120.25247,23.052488,南美實業有限公司工廠,臺南市永康區三民里三民街42巷85號
120.198262,23.055783,三會精密工業有限公司,臺南市安南區原佃里本原街1段250巷101號
120.307502,23.022899,嘉濠企業股份有限公司新化廠,臺南市新化區全興里竹子腳258之2號
120.269453,22.998386,尚展化工有限公司本廠,臺南市永康區東灣里大灣東路330巷98號
120.363365,23.315974,昇峰鐵工廠,臺南市東山區聖賢里頂窩1號之9
120.23106,23.079036,廣億實業社安定廠,臺南市安定區大同里牛肉寮65之25號
120.188875,22.950036,正統意麵坊工廠,臺南市南區喜東里明興路321巷16之2號
120.27916,22.975325,萬環機械股份有限公司一廠,臺南市歸仁區七甲里南丁路73巷17號
120.232301,23.051472,高碳特殊鋼鐵股份有限公司長和廠,臺南市安南區東和里長和路1段217巷179弄9之2號
120.279219,22.99537,永富實業社,臺南市歸仁區大廟里大廟二街93巷15號
120.326093,23.082159,鋒美有限公司,臺南市新市區潭頂里潭頂323之98號
120.23151,22.973115,友嘉紙器有限公司,臺南市東區崇善里崇善七街66號
120.182472,22.94061,俞興服裝機械有限公司一廠,臺南市南區喜東里明興路619巷6號
120.26437,22.998038,均亮有限公司南興廠,臺南市永康區南灣里南興路48巷13號
120.229692,23.075767,威仁實業社,臺南市安定區大同里牛肉寮88號
120.214653,23.077224,浩誠金屬股份有限公司,臺南市安定區中沙里中崙1之15號
120.307985,23.097532,鴻新機械有限公司,臺南市新市區大營里326之26號
120.290355,23.025912,超茂國際有限公司,臺南市新化區全興里竹子腳165號
120.326297,23.078233,朝陽塑膠實業社,臺南市新市區潭頂里潭頂204之5號
120.253893,23.032771,恩澤企業社永康廠,臺南市永康區埔園里四維街58巷27號
120.2773,22.975587,吉盈織造有限公司歸仁廠,臺南市歸仁區七甲里11鄰南丁路73巷80號
120.230093,23.077144,承達實業社,臺南市安定區大同里牛肉寮65之24號
120.293404,23.156072,來金行,臺南市善化區六分里溪底寮20之2號
120.253664,23.013905,集舜興業有限公司永康廠,臺南市永康區網寮里大灣路942巷641弄102號
120.273922,22.919602,遠哲機電企業社武東二廠,臺南市歸仁區武東里中正南路2段157號
120.2646,22.940234,新富企業社二廠,臺南市仁德區上崙里德崙路539巷63號
120.300022,23.32714,泓成貿易有限公司,臺南市新營區護鎮里建國路313巷29號
120.277461,22.992384,燦宏企業社歸仁廠,臺南市歸仁區和順路二段220號
120.217311,23.096822,愷幸實業社,臺南市安定區海寮里海寮30之13號
120.289247,22.995733,永信塑膠皮實業社西埔二廠,臺南市歸仁區西埔里西埔三街51巷95號
120.351528,23.328429,易進機械工業有限公司工廠,臺南市後壁區福安里169之20號
120.213004,23.099876,添淑股份有限公司,臺南市安定區海寮里海寮174之1號
120.307079,23.091208,鏗特有限公司二廠,臺南市新市區大營里豐榮3之2號
120.380987,23.389358,通祥塑膠企業社,臺南市後壁區嘉田里上茄苳12之42、12之42附2、12之43號
120.288166,23.329644,承泉實業有限公司鹽水廠,臺南市鹽水區汫水里溪洲寮2之17號
120.239338,23.098842,宿泰有限公司安定廠,臺南市安定區港口里港口421號
120.294526,23.028746,鋼鑫工程有限公司,臺南市新化區全興里竹子腳187之6號
120.278803,22.977174,永正成工程行,臺南市歸仁區七甲里丁厝街29號
120.288959,23.065197,宏瑞制程工業股份有限公司台南廠,臺南市新市區永就里中山路261號
120.287634,23.073215,佳昌企業社社內廠,臺南市新市區社內里社內31之3號
120.274327,23.007688,首菖工業有限公司歸仁廠,臺南市歸仁區大廟里保大路3段366巷78弄1號
120.288867,23.006792,高靖工業有限公司歸仁廠,臺南市歸仁區西埔里西埔一街545巷8號
120.278704,22.983345,永昇行歸仁廠,臺南市歸仁區七甲里南丁路401號
120.276642,23.189117,櫻川坊麻豆廠,臺南市麻豆區寮?里寮子?190號
120.282777,22.992761,富鈜實業有限公司歸仁廠,臺南市歸仁區大廟里和順路2段58號
120.276301,23.006015,捷剛企業有限公司歸仁廠,臺南市歸仁區大廟里保吉路73巷31號
120.304945,23.022936,長熠林鋼鐵有限公司,臺南市新化區全興里竹子腳255號
120.212526,23.080366,榮進五金行安定廠,臺南市安定區中沙里中崙14之6號
120.270647,22.999652,新協億企業社永康廠,臺南市永康區東灣里民族路77巷86號
120.255403,23.005137,嘉明眼鏡實業社,臺南市永康區崑山里大灣路942巷271弄26號
120.232471,23.138413,台灣美王國際有限公司西港廠,臺南市西港區檨林里檨子林74之3號
120.183335,23.168676,祐旭有限公司佳里廠,臺南市佳里區六安里六安22之23號
120.28077,23.06682,成興企業工廠台南廠,臺南市新市區社內里社內143之90號
120.260217,22.976189,視廣實業社,臺南市仁德區一甲里忠義路138號
120.188014,22.925173,聯好企業有限公司工廠,臺南市南區同安里明興路1181巷124號
120.292552,22.978051,傑羚企業股份有限公司歸仁廠,臺南市歸仁區八甲里中正北路1段525巷17號
120.305575,23.02246,大川發鋼鐵行二廠,臺南市新化區全興里竹子腳258號
120.287768,23.010055,竑高企業有限公司歸仁廠,臺南市歸仁區西埔里西埔一街633巷77號
120.258019,23.126167,兆邑實業有限公司安定廠,臺南市安定區蘇林里蘇厝1之36號
120.297563,23.032717,大川發鋼鐵行大智廠,臺南市新化區豐榮里大智路186號
120.12772,23.077539,藝越企業股份有限公司台南二廠,臺南市安南區砂崙里城北路871巷87弄46號
120.235291,23.107422,益利實業社,臺南市安定區港尾里港子尾1之26號
120.191092,22.923575,億展鐵工所灣裡廠,臺南市南區同安里明興路1181巷198-1號
120.212573,23.177253,法寶實業有限公司台南廠,臺南市佳里區子龍里子良廟40之23號
120.263853,23.012491,書瑀企業有限公司永大廠,臺南市永康區西灣里文賢街488號
120.27833,22.992118,明珊科技有限公司二廠,臺南市歸仁區大廟里和順路2段207號
120.181439,23.036307,祈峰實業社,臺南市安南區海西里海環街281巷21號
120.205106,23.115338,煌田機電工作所,臺南市西港區西港里堀子頭85之8號
120.275941,22.991962,明珊科技有限公司三廠,臺南市歸仁區大廟里和順路2段289號
120.256834,23.006163,豐進模具廠永康廠,臺南市永康區崑山里大灣路942巷371弄3號
120.195595,23.117827,峰銘土木包工業一廠,臺南市西港區南海里大竹林63之18號
120.257397,22.938783,恒晟玻璃行仁德廠,臺南市仁德區上崙里上崙一街162號
120.251929,22.993554,順鴻工業有限公司永康廠,臺南市永康區崑山里崑大路155巷58弄101號B棟
120.331754,22.939501,衛全建材股份有限公司一廠,臺南市關廟區深坑里南雄路一段495巷33號
120.227768,23.059259,振旺企業社,臺南市安南區東和里長和路1段823巷137號
120.304181,23.063517,嘉隆商行一廠,臺南市新市區永就里46之26號
120.274863,22.975124,文發實業社歸仁廠,臺南市歸仁區七甲里南丁路73巷127號
120.189553,23.162012,天美手套針織廠,臺南市佳里區民安里同安寮45之21號
120.30254,22.955713,塑舜實業有限公司,臺南市歸仁區沙崙里二甲2號
120.226887,23.104979,川佳有限公司,臺南市安定區南安里油車6之28號
120.294972,23.054974,宏康鋼管股份有限公司新市廠,臺南市新市區永就里永就68之8號
120.278754,23.00812,汎鋼彈簧科技有限公司歸仁廠,臺南市歸仁區西埔里大埔路2段100號
120.234832,23.051697,三藝塑膠顏料有限公司工廠,臺南市安南區東和里長和路1段217巷25弄187號、189號
120.259524,22.977238,輿丞股份有限公司二廠,臺南市仁德區一甲里忠義一街28號
120.332601,22.966899,瑞昱城實業股份有限公司關廟廠,臺南市關廟區北勢里仁愛路330號
120.292591,23.000817,智冠企業社歸仁廠,臺南市歸仁區媽廟里保大路1段260巷90弄20號
120.279692,22.988372,新三益實業社工廠,臺南市歸仁區七甲里南潭三街32號
120.237099,23.169153,千野興業有限公司工廠,臺南市麻豆區安正里前班30號
120.296176,23.029426,翰達五金有限公司,臺南市新化區全興里竹子腳200之13號
120.269907,23.253856,梁鳴工業有限公司一廠,臺南市下營區甲中里中庄子46之15號
120.217123,22.926703,春羽實業社,臺南市仁德區二行里二仁路1段491巷163號
120.269938,23.254244,梁鳴工業有限公司二廠,臺南市下營區甲中里中庄子46之16號
120.2189,23.089867,亦鳴機械有限公司安定廠,臺南市安定區新吉里新吉19之15號
120.286278,23.302947,萬偉企業有限公司新營廠,臺南市新營區嘉芳里嘉芳街182號
120.231673,23.051086,映陞企業社長和廠,臺南市安南區東和里長和路一段217巷179弄16號
120.321343,22.960909,凱煜股份有限公司關廟廠,臺南市關廟區關廟里中山路二段211號
120.354251,22.91836,宏昇興企業有限公司,臺南市龍崎區楠坑里楠坑17號
120.194875,23.049211,升寶企業有限公司安南廠,臺南市安南區原佃里本原街1段167巷160弄49之5號
120.217648,23.079593,佑展科技有限公司工廠,臺南市安定區六嘉里六塊寮30之57號
120.124202,23.127178,佳德建材股份有限公司七股一廠,臺南市七股區溪南里溪南5之10號A棟
120.124202,23.127178,佳德建材股份有限公司七股二廠,臺南市七股區溪南里溪南5之10號B棟
120.221769,23.080941,提香食品有限公司,臺南市安定區六嘉里六塊寮41之3號
120.218449,23.091111,淳鈦工業有限公司安定廠,臺南市安定區新吉里新吉19之9號
120.20689,23.095026,鷹順塑膠機械股份有限公司,臺南市安定區海寮里海寮5之48號
120.273332,23.187802,復興鐵工所工廠,臺南市麻豆區南勢里南勢86之9號
120.206897,23.046161,玉明有限公司安南廠,臺南市安南區總頭里北安路3段299號
120.205727,23.064539,進益刀具企業社工廠,臺南市安南區布袋里長和路4段253巷47號
120.123895,23.095876,宏羽實業社,臺南市七股區永吉里永吉90號
120.231294,23.098976,大展企業社,臺南市安定區港尾里港子尾56之29號
120.336922,22.967479,弘麒工程行工廠,臺南市關廟區北勢里仁愛路608號
120.154687,23.189675,燁成實業有限公司,臺南市將軍區長榮里長榮179之26號
120.183395,23.068384,廣佶工業有限公司,臺南市安南區佃東里公學路3段353號、357號
120.212025,23.089438,佑峰實業股份有限公司一廠,臺南市安定區新吉里新吉19之12號
120.192226,23.159209,銘冠國際企業有限公司,臺南市佳里區民安里同安寮118之3號
120.398566,23.331882,維笙科技有限公司台南廠,臺南市東山區東山里278之18號
120.278439,23.133354,佳昌醬園工廠,臺南市善化區文正里陽明路57巷73號
120.28578,23.139887,金岳機械工程有限公司善化廠,臺南市善化區什乃里什乃180之2號
120.265798,22.978504,昇陽自行車國際股份有限公司仁德廠,臺南市仁德區一甲里義林路418號
120.226892,23.057223,奕凱企業股份有限公司安南廠,臺南市安南區東和里長和路一段823巷321號
120.303955,23.275597,定陽實業有限公司,臺南市柳營區八翁里中山西路三段333號
120.187246,22.979887,亞洲電熱企業社,臺南市南區金華里新孝路126巷19、21號1樓
120.191447,22.937163,新楷金屬股份有限公司台南廠,臺南市南區省躬里萬年路432號
120.29543,23.031403,旺昌實業股份有限公司新化廠,臺南市新化區豐榮里大智路278巷12號
120.221649,23.078193,永勤企業社安定廠,臺南市安定區六嘉里六塊寮81之4號
120.253924,23.007677,元氣工坊生機事業有限公司崑山廠,臺南市永康區崑山里大灣路942巷371弄78號
120.32326,23.263888,長輝工業有限公司長輝二廠,臺南市柳營區東昇里柳營700之50號
120.332514,22.966567,同富有限公司一廠,臺南市關廟區北勢里仁愛路328號
120.269,23.286431,合念厚股份有限公司新營廠,臺南市新營區太北里太子宮140之80號
120.194505,22.999227,春生雞肉,臺南市中西區藥王里民族路三段201號1樓、2樓
120.203794,23.065761,健成實業社一廠,臺南市安南區布袋里長和路4段319號
120.272412,22.996303,佳禾五金實業社永康廠,臺南市永康區東灣里民族路1巷70弄32號
120.193541,23.046316,浩展企業社安南廠,臺南市安南區原佃里怡安路二段516巷57號
120.151705,23.108868,詠欣機械股份有限公司,臺南市七股區義合里義合9之11號
120.276005,22.992238,奕誠精密有限公司歸仁廠,臺南市歸仁區大廟里和順路2段276號
120.280772,23.020358,盟興科技有限公司永康廠,臺南市永康區西勢里西勢路13巷2號
120.280759,22.999307,丞泰鋁業有限公司二廠,臺南市歸仁區大廟里大廟六街133號
120.311832,23.08884,尚聚企業股份有限公司二廠,臺南市新市區大社里大社595號
120.326786,22.946148,合正企業有限公司五甲廠,臺南市關廟區五甲里五甲路211巷58號
120.195781,23.163596,盟昌企業社佳里廠,臺南市佳里區民安里同安寮81之5號
120.266379,22.901872,剛毅機械有限公司仁德廠,臺南市仁德區中洲里中洲路501巷957號、501巷951號
120.182282,23.107959,顯昌眼鏡實業有限公司一廠,臺南市西港區新復里新港31之11號
120.332284,23.085514,騰達五金工廠股份有限公司新市廠,臺南市新市區潭頂里潭頂112之1號
120.176491,23.057583,瑞發模具有限公司分廠,臺南市安南區淵東里海佃路四段177號
120.197218,23.054226,瑞晟眼鏡實業有限公司工廠,臺南市安南區原佃里本原街一段250巷21號
120.13477,23.04812,金昶勝有限公司,臺南市安南區媽祖宮里顯宮一街37-358號
120.204286,23.062176,佳登企業有限公司,臺南市安南區布袋里工明路420之1號
120.185503,22.9508,信宏塑膠模具實業社,臺南市南區建南里明興路321巷11號
120.182479,23.053419,元豪塑膠股份有限公司台南廠,臺南市安南區溪心里智安四街98巷60號
120.301095,23.281523,原鐿鐵材行二廠,臺南市柳營區八翁里仁愛路407號
120.290717,23.013363,明級企業有限公司西勢二廠,臺南市永康區西勢里廣興街170巷471號
120.304809,22.994216,天耀塑膠行,臺南市關廟區埤頭里保東一街81號
120.206632,23.037796,允升實業社,臺南市安南區頂安里安中路1段220巷55弄2號1樓
120.279651,22.992196,傳品工業社歸仁廠,臺南市歸仁區大廟里和順路2段153號
120.288143,22.9987,常宏印刷企業社,臺南市歸仁區西埔里西埔一街65巷36號A棟
120.358076,22.966868,連景企業有限公司,臺南市龍崎區崎頂里新市子3號
120.332659,22.940359,日昇風管企業社關廟廠,臺南市關廟區深坑里南雄路一段495巷26號
120.339203,22.930119,億薈塑膠企業有限公司關廟廠,臺南市關廟區深坑里南雄路1段55巷55號
120.311331,22.978756,鉅遠有限公司關廟廠,臺南市關廟區下湖里關新路1段135巷68號
120.276304,22.963481,武沛金有限公司,臺南市歸仁區歸南里民生十街50巷182號
120.289979,23.30147,展依企業社新營廠,臺南市新營區南紙里太子路360之6號
120.162904,23.17223,台農企業有限公司佳里廠,臺南市佳里區海澄里番子寮66之2號
120.282766,23.001502,成祥五金行二廠,臺南市歸仁區大廟里大廟六街253巷25號B棟
120.282766,23.001502,裕展企業社歸仁廠,臺南市歸仁區大廟里大廟六街253巷25號A棟
120.357592,23.257121,展曜塑膠有限公司柳營廠,臺南市柳營區神農里果毅後393之2號
120.207324,23.09231,翰億實業有限公司,臺南市安定區海寮里海寮5之45號
120.242313,23.057068,登煌金屬股份有限公司工廠,臺南市安南區東和里長和路一段2巷98號
120.273039,23.00048,崧東機械工業有限公司一廠,臺南市永康區東灣里民族路3巷26號
120.208885,23.142963,安利吉機器廠有限公司西港廠,臺南市西港區營西里後營3之15號
120.27866,22.982682,志成企業社歸仁廠,臺南市歸仁區七甲里南丁路359巷11號
120.289925,23.299735,吉士揚企業社,臺南市新營區南紙里太子路360之2號
120.18958,23.068791,銓金貿易股份有限公司安南廠,臺南市安南區佃東里公學路3段12號
120.245396,23.103469,永耀紙管企業有限公司,臺南市安定區港尾里37之21號
120.265842,22.99635,展倚鋁業股份有限公司台南二廠,臺南市永康區南灣里南興路2巷57號
120.28933,22.981088,沅首企業有限公司,臺南市歸仁區七甲里中正北路2段75巷38弄255號
120.265077,22.977544,建勝鋁器廠仁德二廠,臺南市仁德區一甲里義林路701號
120.246427,22.915824,允利榮機械有限公司分廠,臺南市仁德區中洲里中洲路1280巷80號
120.227327,23.052681,玉光實業社台南廠,臺南市安南區東和里長和路一段823巷570號
120.197931,23.046731,鎰津實業有限公司安南廠,臺南市安南區原佃里本原街1段97巷232之8號
120.301661,22.995988,穩穩眼鏡有限公司,臺南市關廟區埤頭里保東路271號
120.289266,23.122933,昌昱企業社,臺南市善化區文昌里中正路223巷75號、75之1號
120.275189,23.28798,鋒銘企業有限公司一廠,臺南市新營區太南里太子宮314之8號
120.182581,23.148288,貿盛企業社,臺南市佳里區鎮山里鎮山街141號
120.280634,22.962147,申詠企業有限公司歸仁廠,臺南市歸仁區歸南里民生南街2段121巷20號
120.297236,23.031366,順謚塑膠實業股份有限公司,臺南市新化區豐榮里大智路239巷26號
120.304387,22.992854,馬來高實業股份有限公司一廠,臺南市關廟區埤頭里保東一街156號
120.176584,23.066227,泓洋機器股份有限公司二廠,臺南市安南區佃東里海佃路4段388巷134弄16號
120.253414,22.915758,鎰欣企業有限公司工廠,臺南市仁德區中洲里中洲2之50號
120.232921,23.049367,慶宇企業社安南廠,臺南市安南區東和里長和路1段1巷200號
120.228989,23.112412,弘佳國際機械有限公司安定廠,臺南市安定區南安里油車4之12號
120.183025,23.069334,國隆實業社工廠,臺南市安南區佃東里公學路3段352號、360巷58號
120.305317,23.268982,和陽食品企業股份有限公司柳營廠,臺南市柳營區八翁里八老爺110號
120.295557,23.077025,清得成號新市廠,臺南市新市區新和里光華街149號1樓
120.296282,23.141884,翔美機械有限公司,臺南市善化區光文里建業路245巷40號
120.198458,23.155172,華陽彈簧企業社,臺南市西港區金砂里新寮10之9號
120.281961,23.001888,鼎勝模具有限公司歸仁廠,臺南市歸仁區大廟里大廟六街253巷33號
120.248842,22.95558,三沛乳品有限公司,臺南市仁德區新田里民安路1段369號
120.273151,23.287713,登堡國際有限公司太子宮工廠,臺南市新營區太南里太子宮314之121號
120.141126,23.079477,帛鄉眼鏡實業有限公司公學廠,臺南市安南區學東里公學路7段30號之2
120.251929,22.993554,城裕機械工業有限公司永康廠,臺南市永康區崑山里崑大路155巷58弄101號A棟
120.307025,23.274978,原鐿鐵材行,臺南市柳營區八翁里中山西路3段191號
120.286171,22.995991,凱振金屬股份有限公司歸仁廠,臺南市歸仁區西埔里西埔三街51巷1號
120.295827,23.04449,祺霖股份有限公司新化廠,臺南市新化區唪口里大德路182號
120.186581,23.090008,通發開發有限公司西港廠,臺南市西港區新復里溪埔寮1之27號
120.311704,23.130901,高佑實業有限公司,臺南市善化區小新里成功路186巷11之1號
120.221908,23.099696,健申鋼構企業有限公司,臺南市安定區管寮里管寮13之21號
120.271777,22.953519,茂琦實業有限公司六甲廠,臺南市歸仁區六甲里六甲路426號
120.304454,23.019647,金嘉隆企業股份有限公司新化一廠,臺南市新化區全興里竹子腳280號
120.275857,22.97716,文仁商行,臺南市歸仁區七甲里丁厝街121號
120.276283,22.988341,立德企業社工廠,臺南市歸仁區七甲里南丁路625巷71號
120.219995,22.922757,福光企業股份有限公司,臺南市仁德區二行里中正西路202巷239號
120.324129,23.027076,成功醬園,臺南市新化區知義里中興路373號
120.119434,23.211696,泰辯實業有限公司工廠,臺南市將軍區玉山里玉山148之9號
120.231098,23.079132,俊凱工業社,臺南市安定區大同里牛肉寮65之28號
120.270188,22.91935,榮利鋼鋁有限公司工廠,臺南市歸仁區武東里中正南路二段214巷52號
120.256033,22.993835,台翔實業社,臺南市永康區崑山里永大路1段5巷56號
120.265952,22.993229,利泰機械工程有限公司長興廠,臺南市仁德區太子里長興一街6巷6號
120.324899,23.282157,永祥傢俱生活精品館,臺南市柳營區東昇里柳營549之51號
120.276573,22.992298,時茂豐有限公司歸仁廠,臺南市歸仁區大廟里和順路2段250號
120.202138,23.204184,合大吉光電有限公司,臺南市麻豆區港尾里港子尾58之11號
120.131968,23.080812,弘威泰有限公司安南廠,臺南市安南區學東里公學路7段322之56號
120.263096,22.997126,榮華印刷有限公司,臺南市永康區南灣里南興路48巷30號
120.2001,23.087264,東樺紙業有限公司一廠,臺南市安定區新吉里新吉287之1號
120.176177,23.056733,鑫利成工業有限公司工廠,臺南市安南區淵東里海佃路四段155巷20號
120.257516,22.938544,固立企業社,臺南市仁德區上崙里上崙一街168號
120.188657,23.093456,旺騰實業有限公司西港廠,臺南市西港區新復里溪埔寮39之5號
120.246989,22.913343,巧宇塑膠有限公司仁德廠,臺南市仁德區中生里中洲76-112號
120.18628,23.04964,裕翔企業社,臺南市安南區溪心里安中路二段296巷185號
120.270736,23.334629,員鼎有限公司鹽水廠,臺南市鹽水區岸內里蔦松腳2之2號
120.197095,23.134416,福培實業有限公司二廠,臺南市西港區慶安里中州21之30號
120.201097,23.048128,專宇實業社二廠,臺南市安南區原佃里本原街一段41巷56、58號
120.322948,23.278789,尖鎂達有限公司柳營廠,臺南市柳營區東昇里中山西路1段79號
120.200013,23.165573,謙益企業有限公司,臺南市佳里區民安里同安寮80之17號
120.280282,23.121638,浤楷傢俱商行工廠,臺南市善化區南關里三抱竹1之41號
120.231144,23.083244,友麗股份有限公司安定廠,臺南市安定區港南里港口21之11號
120.193006,22.929898,軒興實業有限公司台南廠,臺南市南區興農里明興路1181巷109號
120.267854,22.996842,肇聯有限公司二廠,臺南市永康區東灣里26鄰民族路1巷18弄136號
120.281366,23.012747,榮進實業有限公司,臺南市永康區西勢里富強路1段2巷380弄33號1樓
120.206614,23.047765,金牌不銹鋼鋁門窗安南二廠,臺南市安南區總頭里北安路三段295巷60弄1號
120.21813,23.07453,根香農產行,臺南市安定區六嘉里六塊寮157號
120.180837,23.071549,金凱富體育器材有限公司工廠,臺南市安南區佃東里公學路4段2巷113號
120.270323,22.997716,廣興模具社永康廠,臺南市永康區東灣里民族路1巷18弄80號
120.2754,23.025117,台灣磁波冷凍事業股份有限公司永康廠,臺南市永康區新樹里富強路2段184巷31號
120.326491,23.287941,同洲鋼料有限公司,臺南市柳營區太康里太康16之51號
120.28576,23.222227,金玉糧行,臺南市下營區茅港里茅港尾53之6、53之7號
120.302815,22.955887,瑞商企業有限公司工廠,臺南市歸仁區沙崙里二甲1號
120.287034,22.993547,德寶工安股份有限公司,臺南市歸仁區媽廟里和順路1段200號
120.229998,23.084535,引發實業有限公司安定廠,臺南市安定區大同里牛肉寮65之10號
120.292362,23.022041,織巧實業有限公司,臺南市新化區全興里竹子腳168之15號
120.290542,23.022704,鑫江眼鏡有限公司新化廠,臺南市新化區崙頂里崙子頂1之30號
120.218872,23.092444,宇承企業社,臺南市安定區海寮里海寮30之12號
120.3418,23.323264,伊滋迷生化科技開發有限公司,臺南市新營區土庫里土庫6之25號
120.25711,23.249258,久美企業社二廠,臺南市下營區後街里中正北路496巷31號
120.313908,23.204794,明台鋼製傢俱行官田廠,臺南市官田區南?里三結義40之2號
120.340547,22.964891,聯鴻興業有限公司工廠,臺南市關廟區北花里中正路460號
120.338838,22.973996,日塑實業有限公司關廟廠,臺南市關廟區新埔里新埔二街72巷100號
120.265276,22.975993,佳宏工業有限公司仁德廠,臺南市仁德區一甲里11鄰義林路316號
120.269481,23.301877,雨進機械有限公司二廠,臺南市新營區太北里新太路330之11號
120.279555,23.003762,鴻大企業社歸仁廠,臺南市歸仁區大廟里大廟五街189巷47號
120.300703,22.996497,一甲國際股份有限公司關廟廠,臺南市關廟區埤頭里保東路358號
120.176945,23.066738,泓洋機器股份有限公司一廠,臺南市安南區佃東里海佃路4段388巷134弄13號
120.261275,22.976883,漢泰科技股份有限公司二廠,臺南市仁德區一甲里忠義路126巷21號
120.294486,23.002258,偉誠實業社,臺南市歸仁區媽廟里保大路1段152巷100弄20號
120.249906,23.025496,元鎧紙器有限公司,臺南市永康區正強里自強路188巷46弄24號
120.411796,23.366624,聯榮碾米工廠白河廠,臺南市白河區大竹里大排竹120之31、120之32、120之33號
120.278634,22.989129,宸佳企業有限公司歸仁廠,臺南市歸仁區七甲里南潭三街5號
120.212211,23.176799,佑林企業有限公司工廠,臺南市佳里區子龍里子良廟40之33號
120.253528,23.007812,義全工作所,臺南市永康區崑山里大灣路942巷371弄92號
120.216429,23.087329,信億五金企業社安定廠,臺南市安定區新吉里新吉19之32號
120.186524,22.993471,慶家食品行,臺南市安平區建平里中華西路2段357號
120.205507,23.084571,維兒企業有限公司,臺南市安定區新吉里新吉56之168號
120.232598,23.086134,紘成工業社安定廠,臺南市安定區港南里港口21之10號
120.346621,23.310119,東東照明企業社台南廠,臺南市東山區聖賢里頂窩44之16號
120.232038,23.050267,山亞實業股份有限公司二廠,臺南市安南區東和里長和路一段217巷179弄30號
120.287544,22.992647,孜祥股份有限公司歸仁廠,臺南市歸仁區媽廟里和順路一段169號
120.149985,23.103148,三坤車體有限公司七股廠,臺南市七股區義合里義合53之15號
120.275679,23.02721,見盈交通工業有限公司富強廠,臺南市永康區新樹里富強路二段278巷55號
120.322703,23.32478,捷帝國際股份有限公司,臺南市新營區埤寮里中正路430巷108號
120.275007,22.988502,原軒科技實業股份有限公司,臺南市歸仁區七甲里南丁路625巷85號
120.227292,23.05321,大山塑膠料行,臺南市安南區東和里長和路1段823巷530號
120.285464,22.990254,永益誠實業社歸仁廠,臺南市歸仁區七甲里南丁路702巷430號
120.295677,23.025378,進元實業有限公司工廠,臺南市新化區全興里竹子腳226號
120.29808,23.022057,宇挺工程有限公司工廠,臺南市新化區全興里竹子腳243之3號
120.129921,23.136151,神奇假髮有限公司二廠,臺南市七股區七股里七股116之5號
120.216631,23.075471,車健企業有限公司安定廠,臺南市安定區六嘉里六塊寮160之2號
120.219538,23.096995,沅鉦鋼鐵股份有限公司安定廠,臺南市安定區管寮里管寮13之12號
120.214285,23.134792,正裕麥芽廠,臺南市西港區營西里後營469號
120.299804,22.954431,百竤股份有限公司歸仁廠,臺南市歸仁區沙崙里二甲35號
120.274368,23.036332,弘源印刷企業有限公司王行廠,臺南市永康區王行里王行路254巷39號
120.33611,23.359694,泰億塑膠工廠,臺南市後壁區平安里葯店口55之20號
120.163293,23.215833,將香企業社麻油廠,臺南市將軍區保源里苓保83之16號
120.273625,23.296832,東峰商行,臺南市新營區太北里太子宮44之17號
120.201505,23.064281,成昌工業有限公司安南廠,臺南市安南區布袋里長和路4段253巷330號
120.2195,23.096288,合發水泥加工所工廠,臺南市安定區海寮里海寮30之10號
120.276473,23.29444,萬豐麵店,臺南市新營區太北里110號
120.228893,22.954642,國精企業股份有限公司仁德廠,臺南市仁德區成功里成功二街215號
120.329207,22.935206,富達五金有限公司,臺南市關廟區深坑里深坑二街68巷60號
120.209673,23.06004,祥嶄企業有限公司,臺南市安南區布袋里工明路50號
120.132981,23.093891,穩展金屬興業有限公司七股廠,臺南市七股區?榔里?榔92號
120.193941,23.136241,誌晟機械廠股份有限公司,臺南市西港區慶安里中州21之55號
120.256348,23.010559,震澧股份有限公司永康廠,臺南市永康區西灣里大灣路942巷561弄65號
120.156667,23.173886,禹昌冷凍食品興業股份有限公司貳廠,臺南市佳里區頂?里頂?1之17號3樓後棟及4樓、1之18號
120.350925,23.194582,巧福手套企業有限公司官田廠,臺南市官田區官田里中?56之30號A棟
120.350925,23.194582,巧福手套企業有限公司官田二廠,臺南市官田區官田里中?56之30號B棟
120.210695,23.103912,瑞洋塑膠工業股份有限公司安定廠,臺南市安定區海寮里海寮155之3、155之4號
120.187842,23.051752,台昇實業社安南廠,臺南市安南區溪心里安吉路一段601巷90弄72號
120.282864,23.013424,介鴻機械股份有限公司台南廠,臺南市永康區西勢里廣興街170巷239號
120.287567,23.002797,德旺金屬實業有限公司,臺南市歸仁區西埔里西埔二街42號
120.138716,23.10105,全福興食品企業有限公司,臺南市七股區義合里義合82之2號
120.239017,23.102499,振喬企業有限公司安定廠,臺南市安定區港尾里港子尾37之18號
120.429115,23.374687,宏晟企業社白河廠,臺南市白河區昇安里三間厝325號
120.187914,23.160432,琦程實業有限公司佳里廠,臺南市佳里區民安里同安寮2之8號
120.270803,23.205079,鼎和實業股份有限公司下營廠,臺南市下營區西連里連表1之28號
120.279556,22.988827,匠柏企業有限公司歸仁廠,臺南市歸仁區七甲里南潭三街21號
120.258371,23.055911,東易信有限公司二廠,臺南市永康區三民里正北一路279巷2號B棟
120.15831,23.050052,鴻鐵輸送機械有限公司工廠,臺南市安南區淵西里安中路四段381巷129之16號
120.21935,23.137377,允成製麵廠,臺南市西港區後營里後營394之20號
120.367084,23.167105,正順鋼模有限公司,臺南市官田區社子里六雙12之1號
120.275441,23.0267,宜伸企業股份有限公司二廠,臺南市永康區新樹里富強路二段278巷30號
120.147696,23.245778,崇曜實業股份有限公司,臺南市學甲區中洲里256之30號
120.343235,22.918928,上承企業有限公司,臺南市關廟區布袋里長文街168巷56號
120.337342,22.962746,東北麵實業社一廠,臺南市關廟區北花里花園二街72號
120.185248,23.055655,巨雍貿易有限公司安南廠,臺南市安南區溪心里本原街二段263號
120.216893,23.101333,台勝食品行,臺南市安定區海寮里海寮201之26號
120.259733,22.979087,東山實業社,臺南市仁德區一甲里忠義一街38巷10號
120.179385,23.061899,誌興鋼構工程股份有限公司二廠,臺南市安南區佃東里1鄰海佃路四段388巷2弄158號
120.233967,23.053688,南良實業股份有限公司東和廠,臺南市安南區東和里長和路一段217巷57號
120.267814,22.921686,儀技工業有限公司歸仁廠,臺南市歸仁區武東里大武路三段196巷73弄10號
120.214501,23.083631,成昌實業社安定廠,臺南市安定區六嘉里六塊寮30之53號
120.250101,23.008182,舜立機械廠有限公司永康廠,臺南市永康區建國里大灣路942巷371弄93號
120.265581,22.997879,永釱機械股份有限公司永康二廠,臺南市永康區南灣里南興路48巷76號
120.199907,23.072301,順達實業社,臺南市安南區長安里公學路2段123巷217號1樓
120.206648,23.081564,翊霖科技股份有限公司二廠,臺南市安定區新吉里新吉56之24號
120.146802,23.099241,鈞堡塑膠有限公司,臺南市七股區?榔里?榔29之18號、29之24號
120.25135,22.911513,祥曉企業股份有限公司中洲二廠,臺南市仁德區中洲里中洲29-21號
120.291741,23.0222,雙霸實業開發有限公司,臺南市新化區全興里竹子腳168之13號
120.202523,23.114429,鍇榮實業股份有限公司西港廠,臺南市西港區慶安里新興街3之9號
120.27735,22.980599,源華裁片社南潭廠,臺南市歸仁區七甲里南丁路271巷70號
120.278906,22.989094,宏源工業有限公司歸仁廠,臺南市歸仁區七甲里南潭三街11號
120.162527,23.189492,承佑企業有限公司,臺南市將軍區長榮里長榮165之80號
120.377588,23.38772,龍億生化股份有限公司一廠,臺南市後壁區嘉民里上茄苳146之5號
120.374124,23.375397,清豐商店,臺南市後壁區嘉民里上茄苳214之120號
120.211813,23.198889,允順綠環保有限公司,臺南市麻豆區海埔里莊禮寮8之2號
120.266494,23.028393,寬大科技國際有限公司永康廠,臺南市永康區龍潭里中山北路264巷11弄22號1樓
120.306324,23.137028,佳民鋼鐵企業有限公司工廠,臺南市善化區光文里建業路36號
120.35687,23.102986,良成實業社,臺南市山上區山上里山上147號
120.452924,23.106383,鈺豐農特產行,臺南市玉井區望明里望明53之6號
120.197787,23.109697,?錠鞋業有限公司二廠,臺南市西港區南海里中港47之5號
120.249008,23.008759,鳳瑋企業有限公司三廠,臺南市永康區建國里大灣路942巷371弄115號B棟
120.248978,23.00907,台彎鍛造有限公司,臺南市永康區網寮里大灣路942巷371弄116號
120.331425,22.957827,協竑實業社,臺南市關廟區東勢里東安街47號1、2樓、49號1樓
120.196178,22.975949,立成米店台南廠,臺南市南區田寮里西門路一段223巷20號1樓A棟
120.271348,22.991599,弘珈企業有限公司仁德廠,臺南市仁德區太子里太子路43號
120.18428,23.087759,松鄉開發有限公司西埔廠,臺南市西港區新復里溪埔寮1號之67
120.27706,23.020543,良聖生物科技有限公司西勢廠,臺南市永康區西勢里西勢路165號
120.331425,22.957917,協原企業社,臺南市關廟區東勢里東安街43號1樓、45號1樓2樓
120.238706,22.936825,茂林電器股份有限公司仁德廠,臺南市仁德區文賢里三甲子6之11號
120.395639,23.364857,耀城企業行,臺南市白河區大竹里大排竹206之8號、206之15號
120.290882,23.022507,宏亞鑫實業有限公司新化廠,臺南市新化區崙頂里崙子頂1之35號
120.209777,23.088118,美塑企業股份有限公司安定廠,臺南市安定區新吉里新吉146之10號
120.310458,23.013549,世鴻食品股份有限公司新化二廠,臺南市新化區山?里頂山腳55之5號、頂山腳55之7號
120.26418,23.198644,和容工業有限公司工廠,臺南市麻豆區北勢里加輦邦1之11號
120.249008,23.008759,鳳瑋企業有限公司二廠,臺南市永康區建國里大灣路942巷371弄115號A棟
120.336584,23.381412,萬味香醬園,臺南市後壁區墨林里菁寮160之1號1~2樓及菁寮160之1號附1之1樓
120.288634,22.999063,添成塑膠股份有限公司,臺南市歸仁區西埔里西埔一街65巷6號
120.267763,22.957117,恒耀工業股份有限公司新田五廠,臺南市仁德區新田里新田二街116巷27號
120.195393,23.216464,連輝玻璃有限公司學甲廠,臺南市學甲區豐和里美豐122之25號
120.316362,23.262495,廣佑鋼鐵有限公司柳營廠,臺南市柳營區光福里柳營路1段198巷160弄1號
120.267182,22.908829,鋐聯昇模具有限公司大潭二廠,臺南市歸仁區大潭里長榮路一段70巷51號
120.272903,23.076587,琪祐股份有限公司,臺南市新市區社內里社內57、57之1號
120.226852,23.076677,瑞龍塑膠有限公司安定廠,臺南市安定區大同里牛肉寮66之3號
120.301177,23.005585,鈺好企業有限公司關廟廠,臺南市關廟區埤頭里保東路356巷298弄178號
120.205805,23.089359,宏陽實業廠安定廠,臺南市安定區新吉里新吉283之1號
120.293054,23.010985,亟丞工程行,臺南市歸仁區媽廟里保大路1段152巷160號
120.173424,23.06598,尚奕實業社,臺南市安南區佃西里公學路四段234巷53弄6號1樓
120.230423,23.100788,將頂科技有限公司安定廠,臺南市安定區港尾里港子尾64之8號
120.285908,22.990525,凱彬企業有限公司歸仁廠,臺南市歸仁區七甲里南丁路702巷436號
120.183021,23.177538,金佳機械所,臺南市佳里區六安里116之6號
120.21481,23.149536,樺陽鋼鐵有限公司後營廠,臺南市西港區營西里後營150之20號
120.285884,23.003927,文王五金有限公司(歸仁廠),臺南市歸仁區西埔里西埔二街110巷80弄30號
120.212272,23.061813,久騰工業有限公司,臺南市安南區州南里北安路4段175巷30-10號
120.32831,23.079343,大唐鋁業有限公司,臺南市新市區潭頂里潭頂134之11號
120.397735,23.320837,永良商行,臺南市東山區東中里新東路二段59號
120.184282,23.125302,金上吉塑膠股份有限公司第二廠,臺南市西港區竹林里大竹林29之9號
120.201407,23.138487,日鋒有限公司後營廠,臺南市西港區營西里後營529之3號
120.271732,23.032859,卡滋瑪國際有限公司永康廠,臺南市永康區王行里龍國街459、461、465號
120.225376,23.104518,順隆精密有限公司,臺南市安定區南安里油車24之6號
120.204738,23.089735,元展輸送機械廠安定廠,臺南市安定區新吉里新吉283之2號
120.291809,23.335263,憲旺機械工業有限公司鹽水廠,臺南市鹽水區汫水里溪州寮2之9號
120.296837,22.957778,儀珈昕企業社歸仁廠,臺南市歸仁區文化里大德路1122號
120.267656,22.956883,塑根企業股份有限公司分廠,臺南市仁德區新田里新田二街116巷47號
120.344785,22.918717,齒螺企業有限公司第二廠,臺南市關廟區布袋里長文街168巷12號
120.210555,23.063912,毅隆有限公司,臺南市安南區布袋里長和路四段51號
120.169985,23.194673,順大電機行,臺南市將軍區長榮里長榮65之10號
120.201111,23.084676,宏振實業社,臺南市安定區新吉里新吉56之60號
120.20652,23.06567,源楠塑膠股份有限公司,臺南市安南區布袋里長和路4段256巷12弄1號
120.276286,23.276381,長泰金屬企業有限公司新營廠,臺南市新營區五興里五間厝27之5號
120.306882,23.125271,權進企業有限公司,臺南市善化區小新里小新營97之20號
120.304222,23.1394,正添實業社善化廠,臺南市善化區光文里建業路190巷20號
120.254454,22.938127,萬寶路石雕坊,臺南市仁德區上崙里崑崙路521巷65號
120.26665,23.023577,泰宇企業社,臺南市永康區龍潭里中山北路264巷191弄31號
120.284709,23.001745,桐瑩實業有限公司歸仁廠,臺南市歸仁區西埔里西埔二街151號
120.278059,22.961106,合億精密工業有限公司,臺南市歸仁區歸南里民生十街65號
120.22153,23.076364,正盛實業社安定廠,臺南市安定區六嘉里六塊寮81之16號
120.200394,23.070909,統丞鋼鐵有限公司,臺南市安定區中沙里沙崙24之12號
120.211012,23.08151,晉義有限公司,臺南市安定區新吉里新吉125之15號
120.279304,23.273845,永鑫機械工業有限公司新營廠,臺南市新營區鐵線里鐵線橋1之200號
120.236611,23.088961,明全工業社,臺南市安定區港南里港口239之15號
120.205685,23.122468,濠瀅機械企業有限公司第二廠,臺南市西港區西港里西港27之29號B棟
120.300394,23.052892,壽香食品股份有限公司中正廠,臺南市新化區太平里中正路990、990之1、990之2、990之3號
120.200779,22.921752,名盛實業有限公司,臺南市仁德區大甲里中正西路1011巷122號
120.268197,23.200009,新丸天瓜子行一廠,臺南市麻豆區南勢里南勢1之38號
120.304145,23.022346,大川發鋼鐵行新化廠,臺南市新化區全興里竹子腳249號、249之5號
120.221974,23.090544,峰勝不銹鋼股份有限公司,臺南市安定區港南里港口1之78號
120.282797,23.204325,能廣織造股份有限公司下營廠,臺南市下營區茅港里茅港尾235之11號
120.294273,23.037835,佳南實業社,臺南市新化區唪口里唪口163之50號
120.298512,23.209852,銘誠塑膠企業股份有限公司官田廠,臺南市官田區南?里79之6、79之8號
120.27036,23.298442,冠利有限公司新營廠,臺南市新營區太北里太子宮44之58號
120.162057,23.239754,豐禾生技股份有限公司酵素廠,臺南市學甲區中洲里民吉里中洲6之1號
120.266116,22.995958,銀宗企業股份有限公司,臺南市仁德區太子里長興一街110巷108號
120.294695,23.004631,錩億實業社,臺南市歸仁區媽廟里保大路一段152巷120弄20號
120.280416,22.988938,嵩山電機企業有限公司歸仁廠,臺南市歸仁區七甲里南潭三街47號
120.221367,23.080954,龍興工業社,臺南市安定區嘉同里六塊寮35號
120.277742,22.979436,信安金屬加工廠,臺南市歸仁區七甲里丁厝街52巷63弄26號
120.206342,23.08639,寬維科技電機有限公司新吉廠,臺南市安定區新吉里新吉281之9號
120.340199,23.103541,義田工業股份有限公司山上廠,臺南市山上區明和里明和75之7號
120.152332,23.207641,慶益實業有限公司,臺南市將軍區嘉昌里昌平11之10號
120.147557,23.248307,華興工業股份有限公司中洲廠,臺南市學甲區中洲里中洲256之50號
120.269991,23.089767,育茂有限公司,臺南市新市區豐華里豐華53之10號
120.209762,23.149253,潤優企業有限公司西港廠,臺南市西港區營西里後營148之5號
120.247686,23.089793,宏勝發實業有限公司安定廠,臺南市安定區中榮里許中營24之18號
120.28627,23.299219,尚猛有限公司新營廠,臺南市新營區南紙里嘉芳街300巷5號
120.206734,23.065238,峪豐機械工業股份有限公司,臺南市安南區布袋里長和路四段252號
120.327366,23.043083,楠華動力科技股份有限公司,臺南市新化區護國里中山路3巷91號
120.26958,22.957246,恒耀工業股份有限公司新田二廠,臺南市仁德區新田里新田二街116巷25弄60號
120.267478,22.993016,高泰塑膠廠,臺南市仁德區太子里太子路86巷9弄9號
120.331429,22.957962,新茂進製麵工廠,臺南市關廟區東勢里東安街41號1樓、2樓；松腳里民族街82號1樓、2樓
120.203076,23.05997,宇慶企業社,臺南市安南區布袋里工明五路93號
120.204299,23.130483,富茗汽車企業有限公司二廠,臺南市西港區西港里中山路498之1號
120.304249,22.98752,上智食品股份有限公司關廟廠,臺南市關廟區下湖里保東一街355號
120.303914,23.038232,矜輝實業有限公司新化廠,臺南市新化區拔里拔林89之16號
120.363589,23.363441,毓泰商號,臺南市後壁區後壁里後壁168之20號
120.181591,23.053412,裕捷企業社安南廠,臺南市安南區溪心里智安四街98巷22號
120.274897,23.034638,峰億五金有限公司,臺南市永康區王行里王行路246巷25之1號
120.294135,23.036508,亮毅企業有限公司新化廠,臺南市新化區協興里中山路808巷15號
120.193884,22.932559,勤輝科技股份有限公司台南廠,臺南市南區興農里明興路1181巷227號
120.29458,23.036276,百盈實業股份有限公司新化廠,臺南市新化區協興里中山路808巷10號
120.224488,23.074344,朝偉實業股份有限公司安定廠,臺南市安定區大同里牛肉寮31之2號
120.281514,23.015456,雙燕有限公司永康廠,臺南市永康區西勢里廣興街170巷168號
120.227804,23.059006,賀群企業社安南廠,臺南市安南區東和里長和路一段823巷141號
120.158236,22.996805,應吉製冰冷凍有限公司,臺南市安平區金城里運河路96號
120.219729,22.920994,聚巨豐企業股份有限公司仁德廠,臺南市仁德區二行里中正西路202巷169號
120.335749,22.967098,合進商行關廟廠,臺南市關廟區北勢里仁愛路583號
120.281288,22.989006,松隆安全帽股份有限公司二廠,臺南市歸仁區七甲里南潭三街115號
120.291147,23.025926,萬弘企業行新化廠,臺南市新化區全興里竹子腳161之9號
120.235466,23.05073,東榮機械工廠股份有限公司台南廠,臺南市安南區東和里長和路一段1巷100號
120.21229,23.079923,科華科技企業有限公司,臺南市安定區中沙里中崙30之1、30之2號
120.185711,23.082856,加協企業有限公司二廠,臺南市西港區新復里溪埔寮32-8號
120.309495,22.988211,友鵬有限公司關廟廠,臺南市關廟區下湖里關新路一段497號
120.148636,23.151935,佳展農產食品加工廠七股廠,臺南市七股區大埕里大埕108之6號
120.342644,22.917218,金華興工業股份有限公司關廟廠,臺南市關廟區布袋里長文街226號
120.124986,23.128568,廣羽交通器材有限公司二廠,臺南市七股區溪南里溪南5之15號
120.157142,23.218468,景明精密工具有限公司台南廠,臺南市將軍區嘉昌里北嘉23之5號
120.291725,23.337983,成聖貿易實業有限公司鹽水廠,臺南市鹽水區汫水里溪州寮3號之17
120.311016,22.963633,環德股份有限公司,臺南市歸仁區歸仁里中山路一段88號
120.129102,23.095552,源崧企業有限公司七股廠,臺南市七股區永吉里永吉16之6號
120.193935,23.15327,冠捷油品企業有限公司佳里廠,臺南市佳里區鎮山里鎮山94之7號
120.275704,23.326064,陳德芳香舖工廠,臺南市鹽水區岸內里蔦松腳11之5號
120.255548,23.007169,龍勁實業有限公司永康廠,臺南市永康區崑山里大灣路942巷371弄68號
120.280192,23.196183,松林蘭藝企業有限公司工廠,臺南市麻豆區寮?里寮子?9之7號
120.196375,23.128284,宗威塑膠機械股份有限公司西港廠,臺南市西港區慶安里中州50之12號
120.270875,23.205279,皓冠企業社,臺南市下營區西連里連表1之29號
120.157747,23.233355,弘裕塑膠商行,臺南市將軍區仁和里和巷48之3號
120.311589,23.001714,澄田體育用品有限公司一廠,臺南市關廟區埤頭里關新路二段298巷126號
120.26934,22.948395,東明企業社,臺南市仁德區新田里崑崙路1389號
120.300066,22.976005,興任企業社,臺南市歸仁區八甲里大明街138巷16號
120.220062,23.122596,金美多實業有限公司西港廠,臺南市西港區港東里烏竹林25之15號
120.142022,23.269497,揚盛實業有限公司一廠,臺南市北門區玉港里西埔內54之6號
120.240038,23.047312,達郁實業社永康廠,臺南市永康區?洲里仁愛街123之1號
120.174353,23.117812,帝固鑽石企業有限公司臺南廠,臺南市七股區竹港里竹港9之3、9之5號
120.234251,23.05394,永興得機械廠有限公司長和廠,臺南市安南區東和里長和路一段217巷25弄18-20號
120.24111,22.940453,鑫昶機械工業股份有限公司仁德廠,臺南市仁德區田厝里田厝二街170巷82號
120.29298,22.980225,伯泰實業廠有限公司,臺南市歸仁區七甲里中正北路2段75巷33號
120.302824,23.022665,一直發實業股份有限公司新化廠,臺南市新化區全興里竹子腳249之3號
120.248312,23.154727,東鼎木業有限公司安業廠,臺南市麻豆區安業里安業80之3號
120.272335,23.305548,才升企業有限公司,臺南市鹽水區橋南里新太路112號
120.194087,23.223603,秉廉企業社,臺南市學甲區豐和里美和1-40號
120.317716,23.212738,隆有實企業社三結義廠,臺南市官田區南?里三結義16之1號
120.200616,23.064561,致盈企業有限公司,臺南市安南區布袋里長和路四段253巷435號
120.187121,23.083618,茂旭實業社,臺南市西港區新復里新港80號
120.352564,23.355899,金福利紙器行後壁廠,臺南市後壁區嘉苳里128之100號
120.263354,22.939269,合進義工作所仁德廠,臺南市仁德區上崙里德崙路571號
120.277407,22.991054,加堤企業有限公司歸仁廠,臺南市歸仁區大廟里南丁路707巷38號A棟
120.345228,22.924486,業晟企業有限公司一廠,臺南市關廟區布袋里南雄南路58號
120.18293,23.053812,億翔企業有限公司台南廠,臺南市安南區溪心里智安四街98巷65、67號
120.30852,23.064088,幸達實業股份有限公司新市廠,臺南市新市區永就里永就6之60號
120.233271,23.080964,禾美實業社安定廠,臺南市安定區大同里牛肉寮86號
120.201488,23.219732,禾倉企業有限公司學甲廠,臺南市學甲區豐和里美豐49之12號
120.334024,22.912209,金億紙業社,臺南市關廟區布袋里長榮街438號
120.245424,22.914524,敬裕工程股份有限公司仁德廠,臺南市仁德區中生里中洲76之87號
120.296553,23.02934,合一鑫企業有限公司新廠,臺南市新化區全興里竹子腳200之14號
120.183027,23.215226,翰林格鋁業有限公司大灣廠,臺南市學甲區大灣里大灣154之28號
120.171601,23.235963,木春實業社,臺南市學甲區秀昌里下溪洲1之16號
120.224187,23.087636,大慶電機工業有限公司新廠,臺南市安定區港南里港口1之57號
120.183181,23.177655,後東機械有限公司佳里廠,臺南市佳里區六安里六安116之27、116之28號
120.208436,23.071456,竑城科技有限公司新廠,臺南市安定區中沙里沙崙1之17號、1之18號
120.138357,23.052783,富鐿實業股份有限公司北汕尾廠,臺南市安南區媽祖宮里北汕尾三路239號
120.183241,23.04308,伯倢企業有限公司台南廠,臺南市安南區溪心里海中街182號
120.177277,23.104862,喬泰壓鑄工業社,臺南市西港區永樂里大塭寮137之8號
120.287211,22.987137,兆緯實業社歸仁廠,臺南市歸仁區七甲里中正北路二段417巷200號
120.276685,23.006295,羅一國際股份有限公司第三廠,臺南市歸仁區大廟里保吉路73巷32號
120.16622,23.174969,國鎮鐵材有限公司一廠,臺南市佳里區海澄里番子寮45之1號
120.199512,23.171538,宏雷股份有限公司佳里廠,臺南市佳里區子龍里菜寮23之35號
120.294873,22.955475,尚吉祥實業有限公司歸仁廠,臺南市歸仁區崙頂里凱旋路一段650號
120.333491,23.193168,端麟工業社官田廠,臺南市官田區官田里官田411之36號
120.310121,23.229986,明發石材行菁埔廠,臺南市六甲區菁埔里菁埔325號
120.307591,22.999174,群承企業有限公司,臺南市關廟區埤頭里關新路二段103巷28號
120.245925,23.172204,永昌水泥製品廠,臺南市麻豆區磚井里磚子井138之3號
120.157688,23.135193,聯易興業有限公司二廠,臺南市佳里區通興里港墘32之2號B棟
120.211121,23.063739,宗盛企業有限公司二廠,臺南市安南區布袋里長和一街107號
120.280784,22.998494,泰興鑫塑膠有限公司歸仁廠,臺南市歸仁區大廟里大廟六街136-2號
120.267782,22.957826,恒耀工業股份有限公司新田一廠,臺南市仁德區新田里新田二街116巷11號
120.256671,22.990597,昆宏實業社,臺南市仁德區太子里太子路613巷19號
120.29727,22.949615,復興加工所,臺南市歸仁區崙頂里凱旋路一段601巷355弄89號
120.282431,22.998705,仲維工業股份有限公司保大廠,臺南市歸仁區大廟里保大路3段6之1號
120.245371,22.914572,允利榮機械有限公司仁德廠,臺南市仁德區中洲里中洲路1216號
120.250469,22.916439,允利榮機械有限公司一廠,臺南市仁德區中洲里中洲八街456號
120.155289,23.162416,農豐實業廠,臺南市佳里區安西里文化西路346號
120.185299,23.183752,興達塑膠工廠,臺南市佳里區佳興里佳里興571號之24
120.14416,23.100104,允成石材股份有限公司一廠,臺南市七股區義合里義合65之10號
120.199637,23.067222,三開豐有限公司,臺南市安南區長安里長和路四段400巷30-3號
120.370076,23.235831,齋滋味實業有限公司,臺南市六甲區甲東里曾文街152號
120.3227,22.980979,何上口麵行工廠,臺南市關廟區下湖里1鄰南雄路二段880巷165號
120.274292,23.240987,十方製香廠,臺南市下營區新興里中山路1段478號
120.20643,23.088003,隆民企業社,臺南市安定區新吉里新吉281之7號
120.253186,23.007909,傑俐科技股份有限公司大灣廠,臺南市永康區崑山里大灣路942巷371弄100號
120.228943,23.089166,則宥興業有限公司安定廠,臺南市安定區港口里港口328之10號
120.248099,22.905577,正州實業股份有限公司二廠,臺南市仁德區中洲里中洲十一街236號
120.19792,23.078714,大世紀飾架有限公司ㄧ廠,臺南市安南區公親里公學路一段124巷153號
120.163126,23.242512,宗典木材行學甲廠,臺南市學甲區中洲里中洲15之18號
120.345231,22.966852,義成科技有限公司關廟廠,臺南市關廟區北花里中正路429號
120.256274,23.004852,隆輝安全帽有限公司崑山廠,臺南市永康區崑山里大灣路942巷271弄8號
120.248529,22.905011,正州實業股份有限公司三廠,臺南市仁德區中生里中洲226之28號
120.231139,23.078254,雅邦企業股份有限公司港口工廠,臺南市安定區大同里牛肉寮65之9、65之15、65之21號
120.233138,23.106922,已久工業股份有限公司二廠,臺南市安定區港尾里港尾1之25號
120.162276,23.2114,啟銘實業股份有限公司工廠,臺南市將軍區保源里源頭28之3號
120.305828,23.027187,瓜瓜園企業股份有限公司新化廠,臺南市新化區全興里竹子腳620號、中正路127巷31號
120.198937,23.175316,宏泩科技股份有限公司,臺南市佳里區三協里菜寮34之3號
120.217313,23.096922,偉展精密有限公司安定廠,臺南市安定區海寮里海寮30之16號
120.337384,22.968294,亞晨企業有限公司仁愛廠,臺南市關廟區北勢里仁愛路638號
120.314751,23.205897,豪展工業股份有限公司官田廠,臺南市官田區南?里三結義42之60號
120.237485,23.097145,和昌精密股份有限公司二廠,臺南市安定區港口里419之1號
120.229057,23.073169,勝傑光學有限公司一廠,臺南市安定區大同里牛肉寮87號
120.168297,23.221848,美麗康企業有限公司工廠,臺南市將軍區苓仔寮里苓和4之5號
120.329434,23.343975,勁岳實業有限公司,臺南市後壁區新東里148之15號
120.308119,22.948929,天成包裝機械企業有限公司,臺南市歸仁區看東里成功路一段27巷60弄360號
120.21324,23.095699,東亞木箱行海寮廠,臺南市安定區海寮里25之10號
120.276714,23.322488,國昌製油廠,臺南市鹽水區水秀里土庫74之10、74之11號
120.160524,23.119747,笙榮紙業股份有限公司工廠,臺南市七股區樹林里樹林37之50號
120.341031,22.911047,益祥螺絲企業股份有限公司布袋廠,臺南市關廟區布袋里長文街399巷65號
120.217596,22.922808,友俊工業股份有限公司一廠,臺南市仁德區二行里二仁路1段315巷273號
120.307062,23.063461,嘉梅龍製網有限公司,臺南市新市區永就里永就6之55號
120.258875,23.243656,士德企業社,臺南市下營區後街里中正北路396號
120.367099,23.28515,東發紙業行,臺南市柳營區重溪里小?腿2之16號
120.160124,23.225151,仁友力寢飾棉業廠,臺南市將軍區仁和里仁巷1之3號
120.145168,23.14487,萬泰水塔股份有限公司七股廠,臺南市七股區大埕里大埕284之1號
120.293992,23.008623,東鈁精密模具股份有限公司歸仁廠,臺南市歸仁區媽廟里保大路一段152巷150弄10號
120.335604,22.922609,祥亨企業社,臺南市關廟區布袋里長裕街265號
120.193894,23.189921,福成醬園,臺南市佳里區佳化里佳里興46之2號
120.237436,23.054013,清心生活事業股份有限公司台南廠,臺南市安南區東和里長和路1段50號
120.257623,22.933201,新富企業社,臺南市仁德區上崙里德崙路1325號
120.3094,23.129297,茅臺機械有限公司一廠,臺南市善化區小新里成功路399號
120.271531,22.909423,建瑋玩具工業股份有限公司歸仁廠,臺南市歸仁區大潭里長榮路一段318號
120.273155,23.025117,千有實業有限公司永康廠,臺南市永康區新樹里富強路二段189巷40號
120.436195,23.253551,一馨堂金紙香行一廠,臺南市東山區嶺南里牛稠子33之7號
120.282554,22.995314,萬一昌業行歸仁廠,臺南市歸仁區大廟里保大路三段55巷49、51號
120.28243,22.994524,嘉豪體育用品企業社歸仁廠,臺南市歸仁區大廟里保大路三段55巷76號
120.28241,22.994778,成華實業股份有限公司歸仁廠,臺南市歸仁區大廟里保大路三段55巷70號
120.282392,22.994859,源旗機械有限公司歸仁廠,臺南市歸仁區大廟里保大路三段55巷68號
120.274902,22.988399,光斌科技有限公司歸仁廠,臺南市歸仁區七甲里南丁路625巷89號
120.211656,23.052457,毓記企業有限公司台南廠,臺南市安南區新順里北安路3段745巷78之8號
120.306476,23.066154,新樺塑膠有限公司新市廠,臺南市新市區永就里永就46之32號
120.152558,23.103545,緯智工業股份有限公司,臺南市七股區竹橋里竹橋130之60號
120.172769,23.114917,原揚有限公司七股廠,臺南市七股區竹港里竹港25之13號
120.21972,23.093868,機零壹科技股份有限公司一廠,臺南市安定區港口里333之27號
120.282554,22.995314,百舜塑膠工業有限公司歸仁廠,臺南市歸仁區大廟里保大路三段55巷58、60號
120.195114,23.216187,雙鎰企業有限公司學甲廠,臺南市學甲區豐和里美豐125之27號
120.201696,23.220233,滿庭芳實業有限公司工廠,臺南市學甲區豐和里美豐49之13號
120.225931,23.078108,徠碩企業有限公司安定廠,臺南市安定區六嘉里六塊寮97-10號
120.272436,23.299951,王紀機械工業股份有限公司新營廠,臺南市新營區太北里太子宮44之36號
120.267771,22.957028,恒耀工業股份有限公司新田三廠,臺南市仁德區新田里新田二街116巷29號
120.32372,23.151112,忠葦有限公司善化廠,臺南市善化區東昌里東勢寮1之30號
120.288658,22.989011,長笠企業有限公司,臺南市歸仁區七甲里中正北路二段501巷60號
120.137737,23.055921,群運環保股份有限公司濱海廠,臺南市安南區城北里安明路4段100號
120.164961,23.000289,有利模具實業社,臺南市安平區石門里?忠街1之8號1樓
120.321997,22.973506,顯明玻璃企業股份有限公司工廠,臺南市關廟區下湖里南雄路二段886號
120.234795,23.009685,川頁車床加工,臺南市永康區五王里成功路130巷33號1樓
120.286848,22.994323,亦達光學股份有限公司,臺南市歸仁區媽廟里和順路一段288巷38弄36號
120.258371,23.055911,東易信有限公司,臺南市永康區三民里正北一路279巷2號A棟
120.241892,22.918241,順德富實業有限公司預拌混凝土廠,臺南市仁德區保安里文賢路二段63號
120.191413,23.0117,榮祥實業社,臺南市北區大和里大興街96巷7號1樓
120.185745,23.038083,錦鴻五金鐵材有限公司,臺南市安南區海西里海環街113巷5號1樓
120.195372,23.010272,東發麵店,臺南市北區文元里文賢一路273號1樓
120.184231,23.128105,麒宏食品工業有限公司,臺南市西港區劉厝里63-9號
120.30949,23.016268,永傳企業股份有限公司新化廠,臺南市新化區山?里頂山腳54之2號
120.189178,23.024562,東昇製麵店,臺南市安南區海佃里國安街56巷77弄10號
120.106577,23.092193,冠達企業社十份廠,臺南市七股區十份里十份45之13號
120.268105,23.286754,熒將機械工程有限公司一廠,臺南市新營區角帶里角帶圍1之15號
120.344721,23.305824,冠德展業股份有限公司東山廠,臺南市東山區聖賢里頂窩31之11號
120.34455,22.924533,鋒汶股份有限公司布袋廠,臺南市關廟區布袋里長裕街5號
120.210524,23.012923,全益工業社,臺南市北區六甲里和緯路2段30巷132號
120.275141,22.991786,松稜食品企業有限公司,臺南市歸仁區大廟里和順路二段305號
120.1797,23.114543,崇順企業社,臺南市西港區新復里新港52之12號
120.286941,22.993289,久綺有限公司,臺南市歸仁區媽廟里和順路一段202號
120.174106,23.115946,聯隆服裝材料股份有限公司七股廠,臺南市七股區竹港里竹港17之6號
120.145138,23.105882,穩展金屬興業有限公司二廠,臺南市七股區義合里義合45之6號
120.283201,22.996663,成祥五金行,臺南市歸仁區西埔里保大路二段305號
120.160754,23.229435,祥順實業社將軍廠,臺南市將軍區仁和里仁巷1之8號
120.194404,23.045062,利成塑膠廠,臺南市安南區原佃里怡安路二段500號
120.27054,23.299776,東周化學工業股份有限公司,臺南市新營區太北里太子宮44之66號
120.428486,23.384582,伯享生技股份有限公司白河廠,臺南市白河區草店里草店96之2號
120.275882,22.999832,盈冠企業社,臺南市歸仁區大廟里保大路三段290巷33弄18號
120.143496,23.13689,緯恩工業股份有限公司七股廠,臺南市七股區大埕里大埕431之6號
120.353916,23.309847,久芳生物科技股份有限公司,臺南市東山區聖賢里頂窩68號
120.306755,23.067316,再生發有限公司,臺南市新市區永就里永就45之30號
120.230994,23.081989,志昌邱鋼鐵股份有限公司台南廠,臺南市安定區大同里牛肉寮65之23號
120.324991,23.270161,大誠木箱行,臺南市柳營區東昇里柳營542之210號
120.289629,22.99811,朝盛鋼鐵有限公司二廠,臺南市歸仁區西埔里西埔一街50號
120.333089,23.376239,富勤企業社,臺南市後壁區菁寮里菁寮1之23號
120.179643,23.113147,鴻翰企業社,臺南市西港區新復里新港52之5號
120.287583,22.969294,禾群企業社,臺南市歸仁區南保里民權六街19巷19號
120.183351,23.177592,齎興螺絲工業股份有限公司佳里廠,臺南市佳里區六安里六安116之20號
120.175324,23.10773,沅倫實業社,臺南市七股區竹港里竹港82之20號
120.250376,23.195118,百豐傳牧場,臺南市麻豆區北勢里加輦邦16之6號
120.224094,23.079291,豪頂實業有限公司安定廠,臺南市安定區六嘉里六塊寮97之19號
120.179506,23.10704,億順企業社一廠,臺南市西港區永樂里大塭寮1號之11
120.198449,23.011943,漢亦龍實業股份有限公司,臺南市北區文元里文賢三街116號1樓
120.277221,22.975262,台同儀器有限公司台南廠,臺南市歸仁區七甲里南丁路73巷89號
120.331341,23.147591,永欣星工業發展股份有限公司善化廠,臺南市善化區東昌里東勢寮1-55號
120.310377,22.984621,冠昌塑膠企業股份有限公司下湖廠,臺南市關廟區下湖里下湖一街7號
120.303438,22.968603,聯亞機械有限公司,臺南市歸仁區歸仁里忠孝北路8巷21弄25號
120.172274,22.996345,揚笙企業社,臺南市安平區華平里育平九街142巷69號1樓
120.21328,22.982984,坤龍企業社,臺南市東區大同里大同路一段175巷132弄18號
120.373569,23.363194,名研有限公司後壁廠,臺南市後壁區後壁里426、427、428號
120.291605,22.986761,尚盛企業社,臺南市歸仁區七甲里中正北路二段417巷25號
120.197283,23.079929,大世紀飾架有限公司二廠,臺南市安定區新吉里公親寮1之15號
120.249487,22.995062,百酆橡膠有限公司永康廠,臺南市永康區建國里復興路1巷30弄72號
120.316627,23.045339,通國防護裝備股份有限公司新化廠,臺南市新化區護國里中山路47號
120.219195,23.093308,金潤實業股份有限公司海寮廠,臺南市安定區海寮里海寮30之15號
120.150156,23.15397,嘉華鞋材股份有限公司七股廠,臺南市七股區大埕里大埕8之8號
120.186622,22.940315,岏興工業有限公司明興廠,臺南市南區喜東里明興路619巷234號
120.348952,23.30823,德賢塑膠企業股份有限公司東山廠,臺南市東山區聖賢里頂窩1之7、1之8號
